ARB,,,,,,,,,,,,,,,,,,,,,491223000000,552388000000,569358000000,588071000000,623426000000,645998000000,667121000000,689389000000,738824000000,791513000000,878491000000,952890000000,1014420000000,1062740000000,1121460000000,1181550000000,1258400000000,1329640000000,1417970000000,1486310000000,1584630000000,1650390000000,1707630000000,1815070000000,2004770000000,2179980000000,2383450000000,2567450000000,2769870000000,2871680000000,3019010000000,3237100000000
CSS,,,,,,,,,,,,,,,,,,,,,21269829449,23575568474,25663576140,25286807402,26193357845,26765938886,27541831407,27978480394,29243638109,31297812248,32686735091,34003173008,34348408833,35075151941,37028620869,39071180799,41273775751,43588194615,46574563173,49296167393,52584029826,54857495332,58181037788,63915793847,69326541993,74836511574,83842568517,89597857236,93179093866,91402076046,92327984286,92284661442
EAS,,,,,,,,,,,,,,,,,,,,,1894510000000,2170460000000,2403570000000,2623300000000,2902080000000,3179250000000,3414850000000,3740910000000,4183240000000,4593460000000,5045120000000,5503410000000,5907130000000,6347060000000,6855600000000,7418170000000,7993530000000,8518380000000,8616470000000,9092660000000,9855300000000,10431300000000,11149000000000,11934200000000,13029800000000,14218600000000,15683600000000,17467700000000,18665200000000,19486700000000,21199700000000,22889200000000
EAP,,,,,,,,,,,,,,,,,,,,,519076000000,600086000000,675794000000,761431000000,865315000000,960434000000,1049870000000,1178640000000,1341440000000,1477290000000,1619000000000,1812190000000,2053090000000,2332880000000,2641320000000,2969530000000,3294080000000,3600580000000,3720630000000,4007850000000,4401020000000,4799200000000,5259240000000,5839830000000,6542390000000,7415600000000,8483320000000,9793520000000,10855900000000,11817000000000,13046900000000,14442000000000
EMU,,,,,,,,,,,,,,,,,,,,,2633100000000,2894030000000,3091370000000,3257380000000,3459160000000,3647550000000,3822450000000,4033390000000,4351660000000,4699080000000,5049730000000,5359980000000,5558340000000,5643170000000,5902920000000,6174110000000,6397710000000,6669840000000,6990340000000,7269940000000,7734330000000,8148870000000,8457080000000,8646550000000,9029840000000,9493550000000,10299500000000,10971200000000,11460100000000,11143500000000,11394600000000,11744700000000
ECS,,,,,,,,,,,,,,,,,,,,,4856720000000,5337280000000,5723040000000,6063710000000,6464940000000,6831930000000,7183610000000,7613310000000,8191860000000,8775860000000,9255790000000,9519830000000,9563150000000,9631410000000,9841420000000,10238700000000,10627300000000,11142900000000,11704800000000,12164400000000,13103600000000,13796800000000,14421300000000,15007200000000,15992200000000,17057900000000,18904100000000,20317900000000,21734600000000,21006800000000,21784200000000,22717400000000
ECA,,,,,,,,,,,,,,,,,,,,,,,,,,,,,,2268670000000,2297570000000,2237510000000,2025240000000,1933910000000,1751370000000,1752220000000,1768100000000,1841020000000,1978050000000,2038730000000,2291780000000,2410000000000,2574070000000,2842780000000,3192750000000,3608950000000,4313410000000,4805930000000,5544050000000,5261500000000,5597280000000,6003340000000
EUU,,,,,,,,,,,,,,,,,,,,,3610260000000,3959520000000,4245460000000,4494280000000,4783510000000,5048690000000,5304490000000,5613360000000,6048980000000,6489580000000,6911990000000,7205450000000,7424210000000,7572660000000,7952570000000,8349440000000,8702080000000,9121450000000,9543000000000,9927740000000,10582200000000,11163300000000,11629000000000,11959400000000,12588900000000,13225500000000,14354500000000,15276000000000,15948400000000,15519800000000,15936000000000,16441900000000
HPC,,,,,,,,,,,,,,,,,,,,,140267000000,159201000000,171028000000,179437000000,187875000000,195013000000,205665000000,219103000000,229057000000,243197000000,251593000000,262236000000,266497000000,276459000000,281930000000,302821000000,325263000000,346790000000,363861000000,381397000000,401826000000,429792000000,451303000000,480164000000,521852000000,572628000000,628254000000,687643000000,744603000000,790046000000,841627000000,904696000000
HIC,,,,,,,,,,,,,,,,,,,,,8345320000000,9305200000000,9866900000000,10550100000000,11462400000000,12237700000000,12911300000000,13736900000000,14883900000000,16065300000000,17211800000000,18033900000000,18835500000000,19536100000000,20614700000000,21670300000000,22772300000000,24028400000000,24989100000000,26216700000000,28001200000000,29162600000000,30301200000000,31457800000000,33369200000000,35287600000000,37768900000000,39987200000000,41204800000000,40303400000000,41902300000000,43518900000000
NOC,,,,,,,,,,,,,,,,,,,,,437303000000,495297000000,501264000000,518492000000,557861000000,569283000000,604095000000,649484000000,706539000000,781502000000,875911000000,965124000000,1041850000000,1119550000000,1202890000000,1281260000000,1363970000000,1460340000000,1499690000000,1563910000000,1702190000000,1749990000000,1835240000000,1983450000000,2192180000000,2395240000000,2630990000000,2857330000000,3020710000000,3029030000000,3270290000000,3535630000000
OEC,,,,,,,,,,,,,,,,,,,,,7909900000000,8812630000000,9366580000000,10031300000000,10903800000000,11665500000000,12304400000000,13084900000000,14174900000000,15282600000000,16339400000000,17079400000000,17809800000000,18437700000000,19436600000000,20417000000000,21439200000000,22602500000000,23523500000000,24687900000000,26339200000000,27452900000000,28508900000000,29524100000000,31235500000000,32959300000000,35214000000000,37215200000000,38277000000000,37370100000000,38739700000000,40105700000000
LCN,,,,,,,,,,,,,,,,,,,,,1237410000000,1358430000000,1425880000000,1439850000000,1551260000000,1650800000000,1762290000000,1876250000000,1981810000000,2081410000000,2165840000000,2333120000000,2464650000000,2609940000000,2683050000000,2896900000000,3047800000000,3267950000000,3383190000000,3437810000000,3677180000000,3785440000000,3872670000000,4155300000000,4529660000000,4931430000000,5412880000000,5892320000000,6319200000000,6278770000000,6724850000000,7181990000000
LAC,,,,,,,,,,,,,,,,,,,,,1196600000000,1313550000000,1378050000000,1392010000000,1500320000000,1597240000000,1705810000000,1816950000000,1919590000000,2015840000000,2097750000000,2260630000000,2389270000000,2530900000000,2601250000000,2808960000000,2955200000000,3169130000000,3279900000000,3331610000000,3563500000000,3667910000000,3751140000000,4023860000000,4386560000000,4775800000000,5240720000000,5706020000000,6121260000000,6083160000000,6518300000000,6964790000000
LDC,,,,,,,,,,,,,,,,,,,,,,180293000000,194671000000,206190000000,217516000000,225754000000,240023000000,259327000000,276395000000,294243000000,309843000000,325425000000,334197000000,343246000000,357082000000,384905000000,414029000000,444246000000,468973000000,497544000000,531413000000,574516000000,611683000000,656094000000,722074000000,802848000000,892289000000,995875000000,1089950000000,1160260000000,1237590000000,1324850000000
LMY,,,,,,,,,,,,,,,,,,,,,3899780000000,4364190000000,4743940000000,5059110000000,5499260000000,5913070000000,6287440000000,6763670000000,7337590000000,7851710000000,8301950000000,8749270000000,9049050000000,9495740000000,9854880000000,10608900000000,11346200000000,12126000000000,12720600000000,13382800000000,14506600000000,15385400000000,16337800000000,17826000000000,19757400000000,22030500000000,24944200000000,27965900000000,30691000000000,31880000000000,34573000000000,37562100000000
LIC,,,,,,,,,,,,,,,,,,,,,147909000000,165732000000,177961000000,189223000000,200939000000,210347000000,224720000000,239922000000,259104000000,274079000000,291844000000,302617000000,303474000000,312815000000,321705000000,343947000000,367200000000,389293000000,408994000000,433116000000,459402000000,495472000000,521394000000,557859000000,611317000000,675129000000,740272000000,815348000000,886099000000,944546000000,1010630000000,1093250000000
LMC,,,,,,,,,,,,,,,,,,,,,1004580000000,1143150000000,1252280000000,1364150000000,1454200000000,1561080000000,1659180000000,1768590000000,1950520000000,2129250000000,2281120000000,2383140000000,2490930000000,2599130000000,2725320000000,2926300000000,3146980000000,3326830000000,3449470000000,3687440000000,3920760000000,4171690000000,4388900000000,4727290000000,5224040000000,5773800000000,6409850000000,7115820000000,7605620000000,8096090000000,8757180000000,9476830000000
MEA,,,,,,,,,,,,,,,,,,,,,640018000000,707360000000,754207000000,805261000000,846546000000,882358000000,887897000000,914621000000,959394000000,1032790000000,1165810000000,1286960000000,1371950000000,1424040000000,1494220000000,1586440000000,1698630000000,1791270000000,1899240000000,1985140000000,2127380000000,2218490000000,2319290000000,2463550000000,2704400000000,2923140000000,3183590000000,3450940000000,3684190000000,3808920000000,4006160000000,4293510000000
MNA,,,,,,,,,,,,,,,,,,,,,348501000000,379049000000,440665000000,495902000000,524297000000,561298000000,556574000000,572948000000,591317000000,629193000000,706005000000,780084000000,828679000000,848363000000,884928000000,932205000000,1007140000000,1057620000000,1136380000000,1204970000000,1273320000000,1335790000000,1408880000000,1479990000000,1621110000000,1751280000000,1906640000000,2080830000000,2218460000000,2321020000000,,
MIC,,,,,,,,,,,,,,,,,,,,,3756210000000,4203370000000,4570980000000,4875150000000,5303450000000,5707540000000,6067920000000,6529240000000,7084340000000,7583810000000,8017020000000,8452910000000,8750300000000,9186870000000,9536790000000,10268500000000,10982700000000,11740100000000,12315200000000,12954000000000,14050100000000,14894500000000,15820400000000,17271000000000,19148200000000,21356900000000,24202200000000,27146500000000,29799100000000,30933000000000,33558100000000,36463600000000
NAC,,,,,,,,,,,,,,,,,,,,,3039440000000,3411640000000,3544970000000,3845690000000,4272370000000,4586440000000,4845570000000,5150210000000,5552020000000,5961720000000,6294070000000,6481470000000,6830620000000,7177810000000,7629820000000,8006370000000,8442890000000,8990320000000,9513540000000,10128200000000,10775200000000,11146200000000,11530500000000,12081200000000,12849400000000,13699300000000,14518500000000,15227900000000,15521600000000,15175700000000,15755400000000,16386900000000
INX,,,,,,,,,,,,,,,,,,,,,,,,,,,,,,,,,,,,,,,,,,,,,,,,,,,,
OED,,,,,,,,,,,,,,,,,,,,,8297270000000,9268910000000,9849120000000,10522400000000,11437200000000,12234000000000,12883800000000,13708200000000,14859800000000,16018600000000,17152200000000,17951400000000,18747600000000,19436500000000,20474700000000,21467500000000,22574900000000,23839600000000,24966300000000,26155600000000,27980000000000,29093500000000,30202100000000,31395700000000,33302600000000,35247400000000,37778100000000,39970300000000,41233000000000,40204800000000,41817200000000,43417100000000
OSS,,,,,,,,,,,,,,,,,,,,,16264937032,18731942832,20118351625,21771824589,23920413539,25125405661,26645331338,27153316877,30811409402,34429986198,38068966812,41349651215,43270524659,45351538851,48036905435,51263223119,54697076923,60034518992,64116698075,66462891133,70832804380,76648827919,81603767682,87498940950,97746707105,104361000000,112898000000,126032000000,135525000000,137410000000,144776000000,155234000000
PSS,,,,,,,,,,,,,,,,,,,,,,2415361886,2491308403,2576183470,2854506123,2879999900,3113244200,3073296558,3206152034,3489490907,3784502661,3923678125,4211942501,4404089950,4732247686,5042699331,5322134485,5378460541,5575460127,5902413031,5944308091,6097365514,6285723680,6575105175,7048935786,7453300995,7909091769,8274783969,8660214847,8694757137,8892194738,9411227614
SST,,,,,,,,,,,,,,,,,,,,,39257739264,44418236834,47913020027,49593621175,53144091470,55062190495,57678706929,58600779609,63944075970,70107959700,75701213248,80687295336,83469831831,86655143987,91756093041,97517742047,103619000000,111693000000,119112000000,124504000000,132331000000,141132000000,149840000000,161765000000,178642000000,191336000000,209235000000,229608000000,243983000000,244705000000,254337000000,267626000000
SAS,,,,,,,,,,,,,,,,,,,,,384981000000,446796000000,492068000000,546456000000,590577000000,641644000000,687665000000,737602000000,829456000000,908089000000,993701000000,1046590000000,1129740000000,1204920000000,1304440000000,1427950000000,1553710000000,1643960000000,1760600000000,1921080000000,2044840000000,2184350000000,2304810000000,2526800000000,2794790000000,3141850000000,3525050000000,3957610000000,4200250000000,4578510000000,5013020000000,5457270000000
SSF,,,,,,,,,,,,,,,,,,,,,328809000000,363431000000,387981000000,399478000000,422563000000,442392000000,462696000000,487689000000,527341000000,565733000000,595705000000,621527000000,630446000000,647863000000,671014000000,713697000000,762909000000,806700000000,838185000000,872520000000,925368000000,983799000000,1035880000000,1109140000000,1218370000000,1335230000000,1469340000000,1617960000000,1745900000000,1817270000000,1927230000000,2067510000000
SSA,,,,,,,,,,,,,,,,,,,,,328488000000,363077000000,387603000000,399089000000,422152000000,441961000000,462267000000,487227000000,526851000000,565231000000,595167000000,620978000000,629822000000,647185000000,670286000000,712845000000,761785000000,804726000000,835742000000,869005000000,921329000000,977038000000,1027670000000,1099590000000,1204810000000,1319850000000,1453260000000,1597870000000,1723160000000,1793170000000,1903090000000,2040900000000
UMC,,,,,,,,,,,,,,,,,,,,,2764090000000,3071960000000,3330760000000,3521670000000,3863160000000,4161730000000,4425020000000,4779820000000,5144370000000,5452680000000,5733200000000,6066890000000,6256430000000,6584620000000,6808280000000,7338710000000,7832000000000,8409300000000,8862120000000,9261980000000,10124900000000,10718000000000,11426700000000,12538800000000,13918800000000,15577400000000,17786500000000,20024400000000,22187700000000,22829900000000,24794500000000,26981300000000
WLD,,,,,,,,,,,,,,,,,,,,,12264400000000,13687800000000,14609700000000,15610300000000,16962400000000,18144100000000,19183300000000,20471500000000,22188800000000,23890700000000,25487400000000,26754900000000,27856200000000,29000900000000,30439100000000,32244000000000,34078700000000,36110300000000,37662800000000,39550100000000,42453900000000,44490200000000,46576800000000,49214400000000,53048200000000,57228900000000,62609800000000,67834700000000,71762800000000,72042600000000,76296500000000,80855200000000
AFG,,,,,,,,,,,,,,,,,,,,,,,,,,,,,,,,,,,,,,,,,,,15574598476,17245520642,17917521321,20581045030,22424961488,26245650255,27794819533,34080175015,37215705826,40227686867
ALB,,,,,,,,,,,,,,,,,,,,,5410116634,6257151131,6834124877,7182950480,7359442334,7719244067,8336726579,8513382254,8684745973,9898112894,9289752659,6763294884,6408538003,7177745498,7931768881,9195765076,10210229361,9345538922,10680386867,11931529044,13079542539,14312392944,14966609027,16152943358,17586890312,19170030939,21452918083,22753569165,26020593174,27373323936,27656157436,28513575566
DZA,,,,,,,,,,,,,,,,,,,,,57105736149,64331623066,72619288176,79568322946,87179838557,93166434893,95630608831,97743494637,100136000000,108477000000,113492000000,115941000000,120514000000,120569000000,121917000000,129494000000,137190000000,141373000000,150671000000,157772000000,164732000000,172847000000,183909000000,200740000000,217116000000,235763000000,248236000000,263096000000,275368000000,285688000000,297200000000,311419000000
ASM,,,,,,,,,,,,,,,,,,,,,,,,,,,,,,,,,,,,,,,,,,,,,,,,,,,,
AND,,,,,,,,,,,,,,,,,,,,,,,,,,,,,,,,,,,,,,,,,,,,,,,,,,,,
AGO,,,,,,,,,,,,,,,,,,,,,,,,,,16791799112,17647942136,19600050850,21418421624,22313596738,23090378065,23588571109,22423529869,17255100493,18222643618,20585829052,23296786998,25621820801,27749765913,29068878508,30592371681,32268923104,37544808797,39603930375,45270714640,55314910087,68938922231,86964531789,101169000000,104974000000,109318000000,116133000000
ATG,,,,,,,,,,,,,,,,,,,,,245738292,279745570,297286388,323503995,368392224,409977406,472457129,526483595,574356615,630382823,670942954,707871677,728912305,785043360,851713040,835125549,907193781,969860927,1026834826,1065085921,1143627502,1133064233,1184799035,1289409519,1390784848,1524816381,1787090993,2015964159,2061158848,1840696681,1707086531,1657106143
ARG,,,,,,,,,,,,,,,,,,,,,135325000000,139587000000,140751000000,151988000000,161184000000,153505000000,169297000000,179328000000,180828000000,173570000000,175831000000,204841000000,234130000000,253396000000,273645000000,272045000000,292163000000,321950000000,339042000000,332367000000,336880000000,329328000000,298214000000,331405000000,371488000000,419049000000,469189000000,524569000000,572405000000,584871000000,642960000000,715586000000
ARM,,,,,,,,,,,,,,,,,,,,,,,,,,,,,,,7521217352,6866928035,4080732479,3803220506,4090210576,4474157550,4820456838,5076561481,5523674641,5789622012,6263872381,7018067323,8072483818,9399844922,10675739867,12559496968,14675740831,17177502358,18768814150,16325143009,16785102651,17948445426
ABW,,,,,,,,,,,,,,,,,,,,,,,,,,,,,,,,,,,,,,,,,,,,,,,,,,,,
AUS,,,,,,,,,,,,,,,,,,,,,134962000000,151929000000,166073000000,171214000000,189008000000,203739000000,216983000000,228537000000,247345000000,270496000000,294576000000,307245000000,318134000000,336586000000,356997000000,377805000000,402385000000,424483000000,453417000000,479220000000,503196000000,531435000000,564874000000,592729000000,630463000000,663302000000,706626000000,760894000000,795058000000,853400000000,845371000000,898513000000
AUT,,,,,,,,,,,,,,,,,,,,,78352442300,85572257378,92611924916,99137563525,102914000000,108707000000,113695000000,118617000000,126760000000,136675000000,148129000000,158657000000,165826000000,170359000000,178100000000,186646000000,193905000000,199209000000,209079000000,217282000000,231573000000,233510000000,246209000000,254349000000,268412000000,276672000000,302094000000,315872000000,331667000000,325305000000,338957000000,355245000000
AZE,,,,,,,,,,,,,,,,,,,,,,,,,,,,,,,24579791235,25237195042,19945030705,15673990755,12842473273,11590579832,11949163061,12885927131,14373650272,15663656652,17778861376,19981935601,22458899394,25500372595,28891463742,37730965491,52385274480,67406390444,76337853465,84535652542,89389381417,92295060423
BHS,,,,,,,,,,,,,,,,,,,,,2618848323,2600024536,2943223325,3169700327,3754797629,4056331084,4221551593,4474924661,4737714887,5246781320,5358841616,5309243574,5213686076,5344390073,5624920093,6007812357,6372429197,6629223041,7039411579,7652908845,8142905639,8546162473,8919837717,8992542024,9326987417,9963764564,10544058090,11006686020,10988637198,10592218794,10686099458,11102156089
BHR,,,,,,,,,,,,,,,,,,,,,3612807639,3741328202,3669351774,4057720589,4420775518,4339007718,4488504673,5100450425,5647531091,5881458259,6375435552,7332388063,7987701133,9213378177,9377462516,9972731778,10566459365,11103277078,11798580098,12486360131,13432626241,14369065821,15370489112,16824251124,18265900390,20344224752,22407560903,24980149980,27141098296,28350837108,29835883358,
BGD,,,,,,,,,,,,,,,,,,,,,26053200459,29578378383,32126271971,34738290420,37910222738,40327255370,42980602605,45891054582,48514535573,51655898917,56800421188,60691930326,65093068376,69563041295,73878659997,79320621870,84456265745,90722227802,96805895305,103008000000,111493000000,120034000000,127369000000,136888000000,149561000000,163728000000,180214000000,197359000000,214210000000,229490000000,245138000000,267411000000
BRB,,,,,,,,,,,,,,,,,,,,,,,,,,2190177517,2450326586,2547863420,2801376167,3053312836,3016779529,3028464831,2938297265,3032395478,3217122077,3341021494,3462541749,3754980096,3964319626,4126736478,4313492859,4188335490,4105441830,4276095209,4558356419,4859542249,5187828949,5363729664,5492208554,5269589713,,
BLR,,,,,,,,,,,,,,,,,,,,,,,,,,,,,,,47346730392,48368273291,44645909914,42157241636,37982752156,34824296052,36433285797,41369097564,45474093127,47709667002,51569008682,55230164895,58958797631,64440802664,73838257109,83491527463,94801708412,105986000000,119431000000,121201000000,131456000000,141507000000
BEL,,,,,,,,,,,,,,,,,,,,,100794000000,109932000000,117324000000,122345000000,130071000000,136258000000,141843000000,149370000000,161831000000,173786000000,186169000000,196301000000,204039000000,206512000000,217636000000,227449000000,231718000000,242631000000,248656000000,259291000000,283448000000,293365000000,310463000000,314342000000,324901000000,337300000000,360664000000,378655000000,396535000000,394858000000,412224000000,426762000000
BLZ,,,,,,,,,,,,,,,,,,,,,232964973,258087804,273037217,277859628,293939853,306148330,327310825,374686889,423552221,497030224,570711238,652049752,745916224,810113934,827913597,852630121,880125304,928895644,977182961,1078569685,1245582083,1336966110,1427952388,1593940149,1714471992,1825017017,1971550111,2055899576,2174734059,2203362530,2283274140,2379197925
BEN,,,,,,,,,,,,,,,,,,,,,1954992309,2351064617,2550059316,2535670023,2839528421,3146602253,3286804113,3332358533,3565830028,3594456626,3850656213,4169542764,4428086644,4684423538,4988794271,5339896996,5735923003,6205945151,6578884399,6988906556,7554254840,8111792810,8614477235,9138980367,9687190366,10298986960,11067110536,11911804497,12796151840,13457256858,13958877308,14712289486
BMU,,,,,,,,,,,,,,,,,,,,,,,,,,,,,,,,,,,,,,,,,,,,,,,,,,,,
BTN,,,,,,,,,,,,,,,,,,,,,179532994,223668606,245397401,283958266,307828187,330590101,377629243,500234042,543470925,605844138,697214589,717968030,766819516,799196946,855846774,937709742,1007423252,1082024980,1162116055,1273299593,1391038592,1539279572,1732088687,1904124111,2073088805,2294458187,2530702637,3070871654,3285340326,3552545667,3998675380,4315617528
BOL,,,,,,,,,,,,,,,,,,,,,9657818373,10592096774,10794836336,10768229280,11150230973,11298124650,11253445376,11868512444,12639157557,13612020068,14783223235,16090630246,16700064514,17794800549,19004548001,20356448789,21620440831,23129003374,24633512014,25101410571,26287653199,27336285348,28470689836,29858614638,31979191657,34501536008,37322982219,40157969729,43569714324,45625160863,47843543118,51440192613
BIH,,,,,,,,,,,,,,,,,,,,,,,,,,,,,,,,,,,3649915362,4511673250,8676109613,11884560531,13931557252,15492875035,16698644055,17828615750,19078392704,20259484584,22099640091,23974844510,27087932173,29851137424,32788754724,32186105954,32470207862,34056763283
BWA,,,,,,,,,,,,,,,,,,,,,1632683521,1947575992,2317606315,2726021421,3070100367,3389293509,3748275255,4316513468,5335627362,6259513703,6936934937,7707665960,8099588667,8435762204,8919790045,9529257216,10236442770,11494856869,12888802676,13740256932,14863750310,15739454836,17436098717,18920560939,20615343094,21649422857,23495547714,25339272476,26661202556,25708798570,27706451152,29944744760
BRA,,,,,,,,,,,,,,,,,,,,,439710000000,459793000000,490637000000,492653000000,538089000000,598584000000,660854000000,704702000000,728493000000,780707000000,775472000000,813950000000,827214000000,884786000000,845366000000,1016060000000,1056290000000,1112990000000,1129020000000,1148500000000,1223880000000,1268080000000,1322900000000,1366260000000,1484930000000,1582640000000,1698320000000,1854080000000,1993040000000,2012650000000,2179560000000,2289010000000
BRN,,,,,,,,,,,,,,,,,,,,,7283671587,6386862933,7044103503,7359456026,7681660603,7798243710,7756116372,8143761409,8519835913,8745593846,9176167161,9786493353,10468136407,10730220537,11293070455,12073348426,12640797386,12694929813,12801375936,13385528833,14064818063,14778374983,15599884044,16391047401,16936858200,17566847030,18931013114,19509956519,19554749710,19462412463,20109273427,21011349604
BGR,,,,,,,,,,,,,,,,,,,,,24507007840,28117325798,30526864396,32822949275,35212361722,37261491823,39697519224,43334541658,49751603529,49926072141,47094973554,44582927743,42211455339,42498374509,44152008744,46471393329,38798410984,40356864183,45137177556,46510521259,50859838323,54218416108,59639723385,64251281224,69018015602,75923629635,85177546620,94551654136,106083000000,103286000000,104668000000,110832000000
BFA,,,,,,,,,,,,,,,,,,,,,2111760212,2407965862,2798961280,2919742042,2975514891,3327561106,3672603019,3771273738,4128782269,4376328279,4514917165,5091768895,5211116999,5509696148,5695803102,6161481273,6961273128,7543679485,8208672163,8945732149,9308098113,10152004843,10801704850,11916477302,12819323465,14390722537,15860320284,16908666203,18284965746,19075038830,20724683786,22068447712
BDI,,,,,,,,,,,,,,,,,,,,,1191616542,1461822941,1534548454,1654516644,1719325430,1980611149,2090709850,2270390978,2467655904,2595103147,2787793065,3026567701,3121529342,2990911465,2934923006,2765348879,2589170422,2597122200,2758704185,2770883444,2806581379,2929215206,3109145453,3135789779,3379785231,3523396912,3832904322,4132778876,4437410025,4651758971,4861970212,5178646430
KHM,,,,,,,,,,,,,,,,,,,,,,,,,,,,,,,,,,6077170891,6765152749,7368553200,7904903175,8510094489,9061910275,10289861134,11434114505,12633320989,13697093092,15175221027,17215177724,20143333755,23032802718,26120984970,28485168809,28885172008,30823805033,33738320541
CMR,,,,,,,,,,,,,,,,,,,,,8728168475,11176951074,12749204899,14163599048,15793969772,17588696053,19199652922,19337964449,18445766066,18791957363,18313761888,18214927939,18022037314,17827801544,17736010676,18747534166,20033477879,21461080057,22859246794,24213550024,25776437894,27550812798,29120666492,30932664059,32979591403,34856839002,37140684872,39510546701,41417105300,42791145511,44354528656,47247283126
CAN,,,,,,,,,,,,,,,,,,,,,271283000000,307103000000,316499000000,337960000000,371041000000,400650000000,419525000000,450192000000,488918000000,520725000000,541904000000,549371000000,567340000000,593353000000,634867000000,666239000000,689963000000,731875000000,770476000000,825019000000,874086000000,909848000000,937829000000,989275000000,1048820000000,1132000000000,1200850000000,1262850000000,1298960000000,1274080000000,1332630000000,1392060000000
CPV,,,,,,,,,,,,,,,,,,,,,142251955,168733620,184071394,209570574,225667808,252657608,265724128,285295367,312934934,343217175,358699710,376097449,395710231,433948354,473466478,520776468,565474867,620407730,682051576,774131040,848354077,920836222,985222551,1053088127,1129034371,1242576850,1412746715,1579437003,1714416081,1801472900,1908710097,2049699220
CYM,,,,,,,,,,,,,,,,,,,,,,,,,,,,,,,,,,,,,,,,,,,,,,,,,,,,
CAF,,,,,,,,,,,,,,,,,,,,,1078933921,1161829401,1327722466,1268076359,1440450423,1542739301,1633667433,1598481303,1682436679,1780289797,1808124380,1859242921,1776449393,1821480236,1949635781,2138632628,2089441879,2242596773,2380984491,2502869085,2493098378,2564916999,2590931318,2457677445,2552041205,2700032166,2893045823,3087064430,3218436741,3316238323,3439851403,3632546281
TCD,,,,,,,,,,,,,,,,,,,,,1414259314,1562940675,1746822948,2100631861,2224181497,2791620737,2737548123,2750445594,3286889113,3577220759,3557747630,3992630713,4402925805,3792597879,4262095105,4415179625,4592864687,4946062641,5364207071,5405695539,5474078267,6250824269,6891720082,8072840052,11090974312,13445267520,13906767384,14338559956,14597012735,14611699600,16627842493,17525310452
CHI,,,,,,,,,,,,,,,,,,,,,,,,,,,,,,,,,,,,,,,,,,,,,,,,,,,,
CHL,,,,,,,,,,,,,,,,,,,,,26038545592,29828108130,28378634091,28384076521,31798253201,35102283604,37895532811,41996205049,47091970712,54579112991,59375684505,67046275377,77839486621,85959802883,93698359602,106869000000,117122000000,127010000000,132528000000,133379000000,150108000000,158651000000,164721000000,174846000000,190631000000,208689000000,224844000000,243411000000,257301000000,256872000000,276175000000,298940000000
CHN,,,,,,,,,,,,,,,,,,,,,245467000000,282433000000,326909000000,376882000000,450474000000,526903000000,586088000000,673238000000,775408000000,837586000000,902388000000,1018900000000,1188090000000,1384110000000,1597300000000,1812620000000,2029190000000,2260660000000,2471230000000,2698030000000,2987950000000,3309310000000,3669090000000,4121010000000,4664800000000,5364250000000,6240540000000,7333300000000,8215030000000,9088910000000,10105000000000,11290900000000
COL,,,,,,,,,,,,,,,,,,,,,67966500568,76018960300,81415584483,85976954473,92198939358,97948959223,105985000000,114951000000,123783000000,132832000000,146200000000,154611000000,165812000000,173456000000,187316000000,201646000000,209436000000,220796000000,225173000000,218870000000,233489000000,242789000000,252910000000,268356000000,290614000000,314392000000,346270000000,380896000000,403128000000,415180000000,434842000000,470821000000
COM,,,,,,,,,,,,,,,,,,,,,189308156,215053140,242720467,264485829,285698466,301137526,313619476,328095882,348646080,350263787,382057467,373726315,414152074,435953970,421357839,446725971,448763878,475850390,488724663,505432358,523689881,553392418,585714298,612851709,628569861,676904052,707420264,731503233,754968637,778754551,800724401,836798119
COD,,,,,,,,,,,,,,,,,,,,,10045242494,11244963809,11875493465,12519510176,13709474210,14194254351,15196177965,16059923870,16697362662,17106564253,16589118127,15708423380,14355167233,12693993235,12447301341,12826039588,12919597519,12428967809,12398874400,12043465707,11453729292,11467413930,12057834824,13024844853,14280180500,15905111821,17334550173,18953299936,20564804295,21426080748,23125425057,25267133095
COG,,,,,,,,,,,,,,,,,,,,,2534667987,3260684628,4275678275,4705001151,5222260996,5317937332,5063794326,5222030626,5499327584,5854702507,6137514440,6498101361,6808274828,6889376624,6643502387,7068984887,7502821352,7599676120,7994472262,7902234626,8684842819,9219473521,9798471018,10086239071,10730327212,11946336814,13100729336,13267242010,14316260720,15588061744,17072012452,18049410154
CRI,,,,,,,,,,,,,,,,,,,,,7135625982,7627893537,7503049213,8023143210,8840726995,9205599130,9955880351,10952147025,11766413259,12827834480,13834254348,14672288872,16352429903,17949834806,19181537877,20397369383,20942595120,22537057490,24772884807,27202868376,28291941602,29244786052,30582206716,33226310967,35615496940,38963718161,43751910156,48592843937,51024127149,51170728409,53943799927,57458849749
CIV,,,,,,,,,,,,,,,,,,,,,10633897191,12037670920,12796747080,12784080044,12905910324,13898716250,14672624285,15049818363,15750902994,16825647855,17272386962,17866673629,18198389439,18561571134,19093128095,20929499708,22946458937,24726433465,26265428460,27073354064,26635702586,27233776136,27280030204,27421434516,28698100858,30023069144,31203581325,32658758304,34158733082,35906215660,37025632895,36060808458
HRV,,,,,,,,,,,,,,,,,,,,,,,,,,,,,,,,,,,,37225300415,40438521202,43826878417,45386269282,45396643475,48339587650,51788446137,55822528813,59592801007,64101369174,68104095330,74568447768,82894849629,89634788084,84850121329,82736806186,85800060579
CUB,,,,,,,,,,,,,,,,,,,,,,,,,,,,,,,,,,,,,,,,,,,,,,,,,,,,
CUW,,,,,,,,,,,,,,,,,,,,,,,,,,,,,,,,,,,,,,,,,,,,,,,,,,,,
CYP,,,,,,,,,,,,,,,,,,,,,2576293209,2888675345,3249221971,3566297787,4024299955,4349689082,4611659617,5082149732,5713873972,6400167645,7134739341,7431757807,8301594853,8542983002,9231218727,10022183085,10444081067,10905644444,11660432431,12349306223,13491248538,14684365358,15183819090,15759483685,17168430088,18496291948,20311766843,22331866958,25232175136,25202478356,25544226304,25964648026
CZE,,,,,,,,,,,,,,,,,,,,,,,,,,,,,,,127248000000,116454000000,118616000000,121295000000,127435000000,138172000000,147226000000,148140000000,148369000000,151998000000,159698000000,172167000000,179311000000,191540000000,204966000000,217659000000,238566000000,262644000000,269838000000,268945000000,266759000000,276386000000
DNK,,,,,,,,,,,,,,,,,,,,,50952520589,55233718533,60775344397,64854756562,70093542538,75141185902,80623393332,83227980255,85981193108,89748630502,94717366706,99349790497,103718000000,105900000000,114089000000,120026000000,126510000000,133357000000,138566000000,143272000000,153876000000,157726000000,165346000000,164079000000,174459000000,179888000000,195738000000,205856000000,218809000000,211358000000,225169000000,228020000000
DJI,,,,,,,,,,,,,,,,,,,,,,,,,,,,,,,1111265733,1099879409,1122844715,1071489716,1083057517,1069595501,1043736475,1055922281,1071820484,1111234015,1140003277,1189722057,1240701271,1307374538,1395563368,1487587814,1609282746,1740391484,1882051814,2002159274,,
DMA,,,,,,,,,,,,,,,,,,,,,152593097,187062846,206665344,220622909,241330345,251895166,275754574,305174592,342831457,354871990,387686209,403298091,420223770,436655308,451922901,471568482,492597096,509578541,542460960,512048961,518138150,529536072,526664711,577511595,611736249,626874694,675365354,732294345,808670944,867628419,882184303,899251143
DOM,,,,,,,,,,,,,,,,,,,,,10417774800,11881820893,12819889272,13943749388,14648696264,14775641951,15638054072,17724753855,18737441218,20298382282,19919088319,20790465372,23460159408,25706083659,26833598263,28966301981,31581487509,34766905824,37726937147,40850771033,44095435797,45910995372,49357113567,50269122427,52360458152,59109442657,67527446457,75373747516,81089502449,84994721451,92229717417,98511611256
ECU,,,,,,,,,,,,,,,,,,,,,21651656649,24477766357,25821315523,26163154396,28187147693,29895225908,31807848500,32037342443,35926467137,37644421703,40119982121,43637899016,45231007052,46359092174,49527241653,51568167208,53741290910,56997524550,59019396481,56112380230,58933298855,63485774767,67814519319,71509697174,80007543877,87411173006,94518371998,99240401246,108781000000,110611000000,115382000000,127136000000
EGY,,,,,,,,,,,,,,,,,,,,,51589403758,58543897768,68264277216,76216671560,83896256593,92166439567,96721050250,102063000000,111216000000,121141000000,132904000000,138903000000,148115000000,155753000000,165238000000,176932000000,189048000000,203273000000,214449000000,230879000000,248536000000,263156000000,273769000000,288463000000,308709000000,333218000000,367509000000,404967000000,443543000000,470441000000,498146000000,518413000000
SLV,,,,,,,,,,,,,,,,,,,,,9719027862,9519002543,9462154109,9987422811,10501062416,10888486871,11153033649,11768364948,12406822669,12997737160,14142520529,15145948576,16631779289,18249019563,19747162337,21498827973,22252823995,23644873410,24876055659,26111334466,27250621512,28344757995,29479135995,30792419587,32243973658,34501160346,37007369106,39542446330,40931869800,40171405763,41007269371,42537657373
GNQ,,,,,,,,,,,,,,,,,,,,,,,,,,430979580,430347351,462609037,491430013,503661492,539811350,551811149,623695937,677499920,726657991,849614688,1116636654,1948398005,2408678992,3456947524,3971543556,6635807963,8056054774,9373677746,13299230811,15080207467,15762793142,19695962046,22283145206,23613783348,23658538421,26073073609
ERI,,,,,,,,,,,,,,,,,,,,,,,,,,,,,,,,,1092860641,1267085879,1567252332,1649553883,1834196967,2017413324,2082017606,2112830898,1875337547,2325308498,2434089149,2419363362,2523615997,2674281821,2734075244,2853471834,2630936109,2768898574,2849892487,3167367052
EST,,,,,,,,,,,,,,,,,,,,,,,,,,,,,,,,,,,,9072115592,9817086538,11170672179,11721919259,12071132230,13533342646,14620052512,16289047171,18138151918,19932678817,22275080819,25712393913,28956901409,29582293501,26095435386,26927154622,29473766950
ETH,,,,,,,,,,,,,,,,,,,,,,11362931331,12165682521,13688381916,13797992592,12634726987,14165219082,16601014448,17265606101,17850898459,19033057599,18275259355,17041839408,19704348043,20746940975,22530454108,25778596134,27099040061,26529437180,28308075682,30676891680,33976721587,35051472355,35016374117,40887000696,47236917846,54043821031,61981371867,70186759369,77370217026,85659549158,93959950051
FRO,,,,,,,,,,,,,,,,,,,,,,,,,,,,,,,,,,,,,,,,,,,,,,,,,,,,
FJI,,,,,,,,,,,,,,,,,,,,,1041729910,1211486227,1208457963,1206509521,1356888118,1333815403,1469319886,1412326388,1475477209,1644907119,1806314438,1817271598,1968737835,2054754275,2203515693,2311148865,2464972522,2457216670,2524129402,2786520939,2798417826,2919097824,3061428594,3157175887,3417972569,3556144034,3738866738,3814533759,3939153833,3940229038,3960859325,4130943220
FIN,,,,,,,,,,,,,,,,,,,,,42788980307,47401398465,51822874638,55501759969,59375819065,63209830370,66330366259,70658049011,76916473135,83882933602,87566616723,85230067218,84213358175,85364240708,90334136985,95862202012,98651391954,107559000000,116248000000,121974000000,132874000000,137691000000,143180000000,144017000000,156126000000,161097000000,174297000000,191176000000,202337000000,189747000000,193240000000,201820000000
FRA,,,,,,,,,,,,,,,,,,,,,522735000000,577325000000,627306000000,660153000000,695184000000,727951000000,761018000000,802041000000,868487000000,939125000000,1001000000000,1047250000000,1087960000000,1104420000000,1152870000000,1200880000000,1239460000000,1297150000000,1365580000000,1424150000000,1533010000000,1628200000000,1704950000000,1693220000000,1761280000000,1860700000000,1989590000000,2112840000000,2191240000000,2178300000000,2229620000000,2306350000000
PYF,,,,,,,,,,,,,,,,,,,,,,,,,,,,,,,,,,,,,,,,,,,,,,,,,,,,
GAB,,,,,,,,,,,,,,,,,,,,,5542964348,6371373525,6550188389,7191163984,8021499707,8073620226,8187813926,6982692310,8154041791,9184011101,10027262803,11001771077,10886372969,11564100225,12237636705,13145181275,13862903758,14940988263,15677809021,14486717737,14521488586,15167273995,15372394858,16084721361,16759522687,17839029266,18632023014,20236885480,21163969018,21142081111,22697731422,24320398924
GMB,,,,,,,,,,,,,,,,,,,,,492451309,556497504,585889557,675350476,725486661,741569866,789167657,832226022,899761922,988677001,1062693630,1132948163,1195896858,1258926877,1286541634,1328081673,1381651783,1477292868,1550478192,1673898383,1804173416,1952090131,1919316627,2094381071,2305068312,2359152822,2462633390,2626039084,2838034016,3060848434,3283638816,3212629249
GEO,,,,,,,,,,,,,,,,,,,,,14630354309,16844433228,18228417137,19764631324,21619826349,23381091659,21949677395,22882437157,24994803783,24069582904,21287981164,17367012819,9770783501,7059392553,6453999156,6775855883,7668171834,8638164184,9031491884,9426856526,9807875485,10512227154,11267700111,12777291183,13905965688,15746773569,17779990815,20553843238,21494503387,20955192063,22422791719,24516351292
DEU,,,,,,,,,,,,,,,,,,,,,771392000000,848155000000,896278000000,946381000000,1009640000000,1064700000000,1113400000000,1162120000000,1246850000000,1344490000000,1469870000000,1599710000000,1669010000000,1688550000000,1766480000000,1833380000000,1886280000000,1929710000000,1982720000000,2051700000000,2117500000000,2199870000000,2263790000000,2340650000000,2448960000000,2566000000000,2759880000000,2923600000000,3047860000000,2918240000000,3079030000000,3227440000000
GHA,,,,,,,,,,,,,,,,,,,,,5177271697,5464142679,5395692704,5353135339,6034484692,6535411531,7028925478,7581772756,8287372603,9036694563,9691642179,10550290703,11190425582,11990397352,12638264377,13464117091,14333183527,15222560761,16161986378,17120522722,18138129852,19291311995,20486786573,22006088340,23891762827,26141197001,28711515645,31452351960,34858100326,36726644158,39948113953,46714560620
GRC,,,,,,,,,,,,,,,,,,,,,79307291385,85392550862,89569206198,92107813969,97488557933,102987000000,105835000000,106477000000,114880000000,123762000000,128547000000,137229000000,141472000000,142264000000,148145000000,154394000000,160995000000,171136000000,177153000000,183668000000,199197000000,216276000000,235151000000,248094000000,263940000000,270364000000,298034000000,310521000000,332660000000,329466000000,311399000000,292203000000
GRL,,,,,,,,,,,,,,,,,,,,,,,,,,,,,,,,,,,,,,,,,,,,,,,,,,,,
GRD,,,,,,,,,,,,,,,,,,,,,167741956,185026974,205968941,220381348,239598903,266870601,295345723,337894433,361648270,398048284,434624959,459717268,468008998,465644846,488207644,512074361,542286646,578215684,624696477,701486544,734604674,735520128,774727676,867303381,882515472,1035043845,1027180560,1119587179,1156139606,1093898153,1101167132,1136691960
GUM,,,,,,,,,,,,,,,,,,,,,,,,,,,,,,,,,,,,,,,,,,,,,,,,,,,,
GTM,,,,,,,,,,,,,,,,,,,,,13011494817,14323032708,14659281875,14847169576,15481299503,15856877219,16234622798,17302495800,18601965087,20063225784,21470221670,23011982838,24633540533,26162203310,27771674930,29824035818,31249887718,33242376768,35392668892,37293172328,39475077348,41311663267,43605828696,45651212851,48414062470,51651820181,56186502161,61460101775,64880355671,66080236804,68483467444,72717635145
GIN,,,,,,,,,,,,,,,,,,,,,,,,,,,2717505583,2889430093,3178666488,3430372022,3714428635,3941030896,4155666285,4460987956,4732526426,5065758674,5385474158,5773727054,6068196567,6391885917,6693643493,7095822996,7583473521,7839899149,8248933664,8778187131,9287607635,9724845078,10430621087,10538320559,10818240762,11491585788
GNB,,,,,,,,,,,,,,,,,,,,,360803108,466311351,515501439,517681091,586051412,629112669,638073582,675814990,731519407,805359229,886893209,963801707,994927674,1038091872,1093122986,1167770318,1326308359,1439748485,1049722148,1148193069,1261014601,1292182204,1219930972,1237789831,1300803237,1390527001,1466050290,1556858909,1642550881,1714027984,1786074923,1922645416
GUY,,,,,,,,,,,,,,,,,,,,,763546251,847603130,780634012,756391170,745333449,786527352,796872009,827596839,824784747,813517074,818717668,897202787,987844782,1092421020,1209669180,1299532692,1426806182,1544870940,1539808055,1608787184,1620968461,1695015982,1740644989,1759444668,1868494472,1892736259,2054017661,2261944876,2357663702,2467972267,2594037797,
HTI,,,,,,,,,,,,,,,,,,,,,,,,,,,,,,,,7481581969,7233534010,6991002640,6280862121,7063107257,7485540496,7836329449,8121226338,8462509196,8721284706,8826006281,8945875712,9167423611,9094211093,9564420027,10095403619,10735383145,11065383875,11533670115,10986057506,11858703823
HND,,,,,,,,,,,,,,,,,,,,,4883832975,5476875768,5729732223,5901315575,6389035648,6859913806,7063982983,7709492346,8345737472,9034519640,9386245617,10020841089,10807386069,11732390661,11815248911,12581343637,13264465234,14195332812,14812431758,14745635586,15930631710,16735455443,17645730128,18836691579,20573241601,22542303915,24797601966,27095565616,28866677073,28623601747,29625188052,31382455258
HKG,,,,,,,,,,,,,,,,,,,,,34128118020,40783515665,44544669726,49074396966,55995836952,58142845359,66015019622,77053364771,86523575197,91824969418,98958406815,108156000000,117319000000,127326000000,137761000000,144312000000,153121000000,164033000000,156552000000,162829000000,179101000000,184188000000,190280000000,200226000000,223765000000,248274000000,274306000000,300506000000,313687000000,310001000000,333378000000,357475000000
HUN,,,,,,,,,,,,,,,,,,,,,54693266764,61534181437,67138081455,70298332864,74877265991,76968708453,79897553250,85570166861,88492242192,92499660031,92650717667,84406827078,83763563671,85109112768,89450211510,92666246875,95761644657,102123000000,109139000000,113221000000,121324000000,136499000000,149020000000,155483000000,163610000000,171223000000,184051000000,190289000000,205098000000,202944000000,207339000000,215998000000
ISL,,,,,,,,,,,,,,,,,,,,,2731367764,3114772436,3375747394,3433785865,3709858551,3949046497,4290509512,4793727873,4954931593,5155870414,5417854038,5597337822,5536933153,5732796719,6063932945,6196969976,6495730892,7062139819,7615557521,7936264447,8109800910,8679742048,8938418501,8906180246,9869118142,10352808176,10890283351,11568844843,12607133939,11915157923,11292364835,11638577099
IND,,,,,,,,,,,,,,,,,,,,,293936000000,340793000000,374124000000,417271000000,449484000000,487549000000,522260000000,558878000000,634021000000,697015000000,763482000000,797770000000,859232000000,919785000000,1001010000000,1101880000000,1206050000000,1279090000000,1377270000000,1515730000000,1610080000000,1728000000000,1824680000000,2011120000000,2229950000000,2517880000000,2839890000000,3208640000000,3407200000000,3736440000000,4122290000000,4503070000000
IDN,,,,,,,,,,,,,,,,,,,,,95260765911,112678000000,120864000000,136261000000,151519000000,161576000000,175041000000,189719000000,208804000000,236347000000,267393000000,301163000000,329710000000,361380000000,396541000000,439836000000,481836000000,514207000000,452984000000,463262000000,496572000000,526332000000,558946000000,598002000000,645745000000,705159000000,767949000000,840352000000,910589000000,965281000000,1032320000000,1123470000000
IRN,,,,,,,,,,,,,,,,,,,,,132387000000,137267000000,164500000000,192567000000,196655000000,206846000000,192078000000,194930000000,189012000000,208244000000,245726000000,286076000000,304519000000,306292000000,311432000000,327131000000,356564000000,375739000000,391460000000,404881000000,434916000000,461098000000,503802000000,551014000000,595307000000,643503000000,703414000000,780443000000,816048000000,841673000000,,
IRQ,,,,,,,,,,,,,,,,,,,,,,,,,,,,,,,,,,,,,,58817165557,80399380309,101810000000,99540026988,95078112005,89085548449,53394758731,80422520074,82510311622,90452747924,94471200047,105734000000,111625000000,113362000000,127365000000
IRL,,,,,,,,,,,,,,,,,,,,,21034534633,23770964040,25795151093,26749975303,28963162979,30768670135,31321910300,33743701683,36731146464,40338586297,45445686913,47964423044,50745171671,53255451877,57498874169,64346548077,70875168395,79566246401,89053938420,97327934271,110049000000,118955000000,130826000000,139020000000,149658000000,161806000000,180953000000,198161000000,189158000000,179033000000,182927000000,187026000000
IMN,,,,,,,,,,,,,,,,,,,,,,,,,,,,,,,,,,,,,,,,,,,,,,,,,,,,
ISR,,,,,,,,,,,,,,,,,,,,,28966813466,33506937183,35181005964,37848192009,40107510317,42224741213,44675219111,48984332967,52756969499,56177349914,62320083381,68447502629,74998493409,79588526929,87007449921,104679000000,112607000000,118414000000,124740000000,130872000000,147915000000,150901000000,154577000000,148917000000,160492000000,161748000000,168989000000,184568000000,187102000000,190774000000,202648000000,216080000000
ITA,,,,,,,,,,,,,,,,,,,,,520910000000,574541000000,612067000000,643717000000,689439000000,730374000000,768060000000,815816000000,879408000000,943639000000,999589000000,1050940000000,1084870000000,1099230000000,1146370000000,1203930000000,1245820000000,1290220000000,1357960000000,1385610000000,1466460000000,1554700000000,1539910000000,1571570000000,1601450000000,1657400000000,1789410000000,1902340000000,1996730000000,1939190000000,1942100000000,1983990000000
JAM,,,,,,,,,,,,,,,,,,,,,,,,,,,,,,,,,,,,,,,,,,,,,,18771740693,,,,,,
JPN,,,,,,,,,,,,,,,,,,,,,995563000000,1134350000000,1244100000000,1332900000000,1444690000000,1583100000000,1664320000000,1783490000000,1976980000000,2162040000000,2370770000000,2536410000000,2617910000000,2679950000000,2759640000000,2871610000000,3002880000000,3104900000000,3077100000000,3116000000000,3287030000000,3373500000000,3471740000000,3567730000000,3754630000000,3889580000000,4057920000000,4267100000000,4289490000000,4088030000000,4326450000000,4385870000000
JOR,,,,,,,,,,,,,,,,,,,,,4093759735,4688217757,5341181381,5662968915,6383347233,6805663491,7445869712,7885948263,8009423825,7192935147,7538430585,7936779416,9616544281,10282473359,11014952107,11968545863,12434742786,13093679103,13677593473,14348755521,15281443427,16451367977,17685818413,18812857174,20997221116,23456024693,26175856789,29136831234,31935041998,34129631689,35163646999,36876068696
KAZ,,,,,,,,,,,,,,,,,,,,,,,,,,,,,,,83701019875,77025477999,74479550266,69110085667,61632020131,57894457810,59214209040,61381769102,61061451820,63629625823,71377024481,82849562574,92446047478,103172000000,116256000000,131765000000,150570000000,168724000000,178146000000,182658000000,197376000000,216907000000
KEN,,,,,,,,,,,,,,,,,,,,,10679032189,12120655601,13052860771,13746797751,14513433921,15599888684,17093424299,18638839378,20484376493,22252448255,24064602493,25240299305,25565898039,26218678823,27456833768,29333556353,31090928583,31840787465,33350449627,34619596554,35580774566,37762835088,38585922724,40554082203,43822432928,47951376759,52631833620,57945090795,60130815540,62588741812,66664483715,71132168073
KIR,,,,,,,,,,,,,,,,,,,,,57636602,60850552,68939288,78104370,80047277,78686867,81698516,81516596,99744506,94641107,100325970,99256462,104572994,110580102,118355744,119934167,129523437,139374707,156853138,159391120,174633601,173102520,186803200,199326030,206794154,208403578,214242898,225117103,224668158,222277288,226981137,236215667
PRK,,,,,,,,,,,,,,,,,,,,,,,,,,,,,,,,,,,,,,,,,,,,,,,,,,,,
KOR,,,,,,,,,,,,,,,,,,,,,90599213251,105968000000,121250000000,141397000000,160946000000,178098000000,203893000000,235100000000,271371000000,300638000000,341246000000,388095000000,419754000000,454920000000,504742000000,562092000000,613743000000,658496000000,625429000000,701423000000,808404000000,859581000000,936042000000,965795000000,1038810000000,1096740000000,1172850000000,1268470000000,1306390000000,1322080000000,1424440000000,1507610000000
KSV,,,,,,,,,,,,,,,,,,,,,,,,,,,,,,,,,,,,,,,,,,,,,,,,,,,,
KWT,,,,,,,,,,,,,,,,,,,,,26285937683,23278595416,21655525141,24856569945,27141483305,26779472793,29723265392,33085281495,30796683999,40231057987,,,33907643348,46429076696,51370966732,55119899980,56435374835,58946056800,61963121824,61746903343,66044418373,68034104899,71213066579,85307067157,96651373563,110445000000,119936000000,128810000000,138202000000,132810000000,138309000000,152971000000
KGZ,,,,,,,,,,,,,,,,,,,,,,,,,,,,5838403752,6839226937,7294662982,8003095797,7625388542,6704628877,5792405988,4723239562,4570983360,4981488625,5580964865,5779451410,6078577805,6547103621,7051841088,7165111200,7830381664,8616227118,8886594659,9457911981,10563509139,11704236296,12200578150,12228812968,13211758063
LAO,,,,,,,,,,,,,,,,,,,,,,,,,1823570067,1974538972,2117304745,2148267448,2178389633,2581157226,2858668659,3082815015,3322759638,3596374544,3969000847,4346900642,4730372616,5152905470,5432615213,5915020762,6393426438,6914420218,7442595237,8060425023,8813903390,9753707888,10936179513,12108120287,13344272862,14534173896,15884900376,17544250021
LVA,,,,,,,,,,,,,,,,,,,,,10622348412,12109534353,13149287036,14382882693,15781711847,16202615239,17344833756,18270466355,19870301526,21790554764,20820386740,18816446635,13041911752,12663717121,13204524419,13384067639,14174029486,15633155855,16689918169,17723296552,19075985000,21002848285,23076152248,24702309840,27132001241,29999677761,34257532918,39028670698,40994602731,35914210597,35697528653,39004129406
LBN,,,,,,,,,,,,,,,,,,,,,,,,,,,,,15576381111,9301475743,12215816989,17456068391,18625808250,20366161688,22443942154,24466910660,26179150337,26073621745,27389808328,27665507747,28644002436,30451507999,31990085059,33721406615,37262322894,38884148932,40379611753,44666885516,49887954217,54840983749,59094319760,62224239687
LSO,,,,,,,,,,,,,,,,,,,,,521111702,573911250,624446221,628423015,719837545,778875075,800722736,765292095,861856271,955129047,1055536299,1117075370,1224586764,1292658466,1393789208,1451567626,1546297076,1630281063,1743931386,1776162749,1917307678,2042443831,2097811425,2235092019,2349729578,2493381046,2684682837,2893277452,3116805421,3248227979,3454641232,3736155798
LBR,,,,,,,,,,,,,,,,,,,,,1159407387,1240975679,1284553856,1310034894,1330592436,1359664270,1366732357,1392686471,1411757380,1074235025,545994243,484240784,320962677,219840325,175499827,171921363,196173576,412467512,542485862,676491146,868748606,1084753233,1453942016,997153578,972802945,1100388860,1246969477,1484416967,1677026319,1932926559,2159583664,2416281523
LBY,,,,,,,,,,,,,,,,,,,,,,,,,,,,,,,,,,,,,,,,55292907951,58579399742,57331429924,57505014096,66349465236,71216290780,80864581232,88398179879,96418598175,102296000000,105819000000,,
LIE,,,,,,,,,,,,,,,,,,,,,,,,,,,,,,,,,,,,,,,,,,,,,,,,,,,,
LTU,,,,,,,,,,,,,,,,,,,,,,,,,,,,,,,34429245288,33578779741,26997196186,23112236959,21279698958,22491167567,24009773287,26139222719,28414121872,28249241517,30145995508,33262041683,36657578354,41564246382,44551754857,48473676067,54413211079,61295051800,65681908896,56595698027,59557078306,65087903031
LUX,,,,,,,,,,,,,,,,,,,,,4722414322,5136559103,5511168647,5900413662,6500780687,6886336822,7743213616,8285157042,9296888579,10594383429,11589441766,13037523078,13590016550,14471733794,15338977294,15881489469,16654951505,17119902922,18361338664,21123287715,23406699365,23802314240,25665712361,27416410523,29743512645,31765783190,37046516849,40556312183,41238443804,39500015424,42971226970,46019166992
MAC,,,,,,,,,,,,,,,,,,,,,,,2450863444,2802588870,3155012492,3274124770,3571604581,4201953906,4687447235,5107096863,5724850578,6138419402,7101320800,7634373604,8124773388,8588147309,8705259128,8846457131,8558082514,8475163532,9152079924,9630993677,10658797601,12252827571,15984040652,17925205653,21173825929,24920938080,26320311520,27126715050,34704074425,42835404756
MKD,,,,,,,,,,,,,,,,,,,,,,,,,,,,,,,10614084564,10297572243,9824198384,9289670450,9312169539,9422608557,9703074358,10032560180,10550460644,11118749342,11939161450,11765821178,12209179589,13053399445,14271807599,16044875507,17896466959,19420439027,22009932110,22937334688,22837825316,23234544958
MDG,,,,,,,,,,,,,,,,,,,,,5297275215,5231830683,5450118133,5716809778,6032629124,6288722317,6555293828,6826849089,7305022203,7889193487,8444696672,8180749556,8452143146,8818535946,8991640327,9358364093,9728739517,10282544411,10837023170,11508238734,12316898205,13354147192,11851042833,13284720341,14376224421,15537093713,16843856912,18413828814,20162648778,19492831368,19937865193,20583792300
MWI,,,,,,,,,,,,,,,,,,,,,2059141967,2132991605,2319602024,2501025821,2734054345,2946340952,3005749958,3144098279,3356963213,3530172953,3872626517,4353811023,4119527865,4617855135,4229371246,5051749435,5517367546,5837005010,6149566342,6429567239,6672213150,6484012959,6701323983,7218822174,7781852350,8268474989,8711211022,9814546589,10868104876,12006125509,12880871184,13740369708
MYS,,,,,,,,,,,,,,,,,,,,,33443094042,39116692361,43965470652,48561186236,54295843093,55326071605,57215041862,62064851999,70608797259,79903658072,90406136480,102401000000,113848000000,127857000000,142478000000,160123000000,179258000000,196094000000,184214000000,198388000000,220635000000,226805000000,242914000000,262388000000,288064000000,313496000000,341689000000,373735000000,400457000000,399588000000,431199000000,463216000000
MDV,,,,,,,,,,,,,,,,,,,,,,,,,,,,,,,,,,,,664631433,737837915,830307000,924409311,1005751283,1076510054,1138947564,1228022951,1431358957,1655272219,1561853891,1928005296,2193327997,2515301427,2427627749,2584706907,2839536889
MLI,,,,,,,,,,,,,,,,,,,,,2594863376,2712860730,2744670769,2990134386,3237998764,2957938529,3279167467,3357753105,3526159274,4089320249,4165775788,4376953183,4841571820,4841866097,4985512676,5418250392,5691661984,6193621064,6659549709,7212282982,7604123919,8717475130,9226980834,10122424034,10634456794,11655456275,12669126475,13596984576,14592544146,15449951121,16461503587,17282680340
MLT,,,,,,,,,,,,,,,,,,,,,1744424165,1971103509,2138970936,2209961541,2314569186,2446920613,2598826355,2784925151,3124396928,3507179451,3869210723,4251003814,4544156090,4851857601,5230408771,5691547736,5458760413,5837472259,6142781983,6460138521,7261736391,7173154495,7653661386,7849744099,8001545515,8488062464,9019347526,9606313803,10423676806,10597708389,11095439419,11431940655
MHL,,,,,,,,,,,,,,,,,,,,,,,,,,,,,,,,,,,,,,,,,,,,,,,,,,,,
MRT,,,,,,,,,,,,,,,,,,,,,1425684311,1613105019,1671342796,1802353071,1809700205,1920818985,2075969381,2177401147,2291990668,2491894405,2540588434,2673898486,2781387350,3009316358,2976604406,3344950362,3602263673,3523197565,3734166385,4081153059,4151512481,4330917315,4430504624,4794299576,5212373730,5868422986,7200778404,7529155228,7966307320,7972693020,8445382445,9043668284
MUS,,,,,,,,,,,,,,,,,,,,,1719839725,1991677999,2229181257,2326251081,2527019106,2785301154,3124991846,3502536870,3870660906,4195705108,4667800768,5040503070,5481859953,5886742831,6255039988,6674999527,7172788754,7726878595,8311089262,8653120138,9638334359,10110517364,10491837008,11104597925,12072779163,12628351002,13550345026,14762378931,15921237958,16620040986,17428975018,18544215517
MEX,,,,,,,,,,,,,,,,,,,,,266406000000,316957000000,333926000000,332224000000,357099000000,378208000000,372155000000,390175000000,435747000000,471236000000,514264000000,554974000000,588770000000,613431000000,655390000000,627482000000,672333000000,730457000000,775069000000,816606000000,901379000000,920832000000,956326000000,1108680000000,1188110000000,1298150000000,1445260000000,1536070000000,1630790000000,1539290000000,1649620000000,1752460000000
FSM,,,,,,,,,,,,,,,,,,,,,,,,,,,143183667,149147043,158274888,170023872,183073857,203354976,215960478,238661196,242218734,265411797,261706879,250571465,261601916,269110718,287479387,299133491,305814760,317958015,316334284,333895684,344103915,346786930,345382868,353295704,364794614,380570462
MDA,,,,,,,,,,,,,,,,,,,,,,,,,,,,,,12076597705,12233781582,10625604681,7692235181,7766548089,5475951867,5524900282,5330349195,5520035677,5233740830,5129926457,5350983492,5806105379,6360620176,6923248756,7645331701,8491642651,9184984273,9741226748,10729756809,10219877163,11022188406,11990552161
MCO,,,,,,,,,,,,,,,,,,,,,,,,,,,,,,,,,,,,,,,,,,,,,,,,,,,,
MNG,,,,,,,,,,,,,,,,,,,,,,1809776469,2080214721,2288659189,2515510119,2740429369,3064364228,3263238882,3549366714,3836861366,3855560163,3640010302,3372647618,3337373833,3478006297,3785852325,3939005154,4171390764,4371271520,4571549368,4723991671,4973737118,5293733445,5783862061,6578308386,7289666695,8168672118,9266887127,10314836116,10318045429,11052322879,13277399461
MNE,,,,,,,,,,,,,,,,,,,,,,,,,,,,,,,,,,,,,,,,,3987531866,4122790258,4269344626,4468259089,4796012107,5163322942,6464225996,7688150999,8588220355,8074100435,8194622568,8492456179
MAR,,,,,,,,,,,,,,,,,,,,,21978207504,23373588772,27182976639,28100655791,30420341787,33332252988,36905753952,37020415980,42299398404,44930466966,48515934505,53625065124,52547463086,53155925389,59856204739,57218899725,65346240111,65122168285,71092877620,72517205128,75266153967,82785435983,86919548684,94356823190,101668000000,108171000000,120325000000,127164000000,137238000000,145661000000,152085000000,162546000000
MOZ,,,,,,,,,,,,,,,,,,,,,2521331991,2895522283,2859976264,2506326158,2431426524,2530737976,2527816179,2984355742,3341520885,3692684558,3871059607,4198740058,4068330789,4517344874,4921162258,5171652584,5652707372,6351591413,7135280128,7827623374,8084237554,9251260290,10230415443,11075150050,12284206109,13906009356,15262001308,16848062869,18396735576,19819750971,21317004141,23339244473
MMR,,,,,,,,,,,,,,,,,,,,,,,,,,,,,,,,,,,,,,,,,,,,,,,,,,,,
NAM,,,,,,,,,,,,,,,,,,,,,2383264702,2629884628,2779839171,2838507843,2937907407,3044196109,3258853457,3472158161,3624174852,3829670543,4074068951,4556809639,4987356308,4994325241,5468846176,5826265441,6118898317,6499896592,6808264370,7141055133,7550070481,7812376898,8319298712,8854654329,10220772015,10827002303,11966776785,12975477079,13709943376,13830274590,14847245355,15754725429
NPL,,,,,,,,,,,,,,,,,,,,,4083630999,4838946302,5327797210,5373634977,6115219222,6689225797,7151030430,7485357540,8342221768,9031042303,9808019295,10787146198,11466653406,12169173876,13437117763,14226628189,15250000946,16328741245,17057593054,18071422851,19607110423,21014100077,21380931224,22692619416,24423087663,26021817154,27859531830,29646708117,32152145768,34052069188,35944258653,38172409362
NLD,,,,,,,,,,,,,,,,,,,,,139379000000,151248000000,158472000000,168151000000,179808000000,190080000000,199746000000,209573000000,224278000000,243059000000,263018000000,278983000000,290481000000,300590000000,315965000000,332571000000,351393000000,375670000000,399949000000,425782000000,468263000000,494026000000,515792000000,514545000000,540306000000,572901000000,621571000000,666813000000,705759000000,677508000000,692416000000,714117000000
NCL,,,,,,,,,,,,,,,,,,,,,,,,,,,,,,,,,,,,,,,,,,,,,,,,,,,,
NZL,,,,,,,,,,,,,,,,,,,,,26541974767,29973916593,33173635856,35430358729,38574185622,40058791303,41812249031,43225403614,45208008274,47234631238,48775007803,50347702705,52269321353,56391786926,60893145495,64721438368,67567879517,70874752018,72322678713,77494569724,81513455805,85782913355,90417464154,94848139788,100666000000,104608000000,113464000000,121004000000,124478000000,127019000000,129687000000,132408000000
NIC,,,,,,,,,,,,,,,,,,,,,5519635431,6360734727,6693189978,7278925609,7434023887,7348342852,7436222801,7600034055,6885554477,7023464429,7283050636,7516193129,7704091629,7842200698,8268941364,8961539239,9698835146,10277941653,10809174815,11739351102,12485277087,13146380434,13460587558,14090583855,15256291466,16437708973,17672508965,19099369651,20087987779,20057788486,20833892668,22373697929
NER,,,,,,,,,,,,,,,,,,,,,2637616728,2902389679,3129204912,3098434221,2673900169,2968359252,3227740606,3324788173,3677938519,3852033441,3946774741,4183094349,3992873449,4139555675,4392984341,4612318463,4854481952,5084333132,5693107144,5743730044,5785298578,6336782025,6632817972,7131480832,7339309821,7924152247,8654211401,9207880265,10230298818,10271687005,11171776950,11683394538
NGA,,,,,,,,,,,,,,,,,,,,,59346941323,56387952409,59683143846,58759021924,58028291849,65603937582,68756700239,70275573366,79922010631,88901866114,99836294291,108138000000,113638000000,118684000000,121221000000,127143000000,134958000000,141274000000,145951000000,149720000000,161220000000,169986000000,175422000000,197566000000,224651000000,244642000000,268191000000,293766000000,318229000000,344857000000,374994000000,411547000000
MNP,,,,,,,,,,,,,,,,,,,,,,,,,,,,,,,,,,,,,,,,,,,,,,,,,,,,
NOR,,,,,,,,,,,,,,,,,,,,,39015892185,43332960968,46030607412,49701726181,54607879578,59288566520,63061619963,66066072289,68230930742,71521289968,75718161527,80836546979,85671928986,89992259038,96515723080,102643000000,114045000000,123046000000,121454000000,132968000000,162264000000,167425000000,168179000000,174736000000,195020000000,220190000000,250644000000,262805000000,292492000000,261675000000,278572000000,299127000000
OMN,,,,,,,,,,,,,,,,,,,,,5537711306,7089220045,8391335664,10177133904,12323993019,14479327203,15099462060,15007103944,16455902044,19082896475,19780797674,21695352602,24016199282,26025834219,27584967323,29637155869,31080663996,33591233513,34963202490,35431589675,38153434188,41937608754,43713211136,44767919590,47591443340,51135023339,55687784376,61198787336,70558774337,72273982670,75695846498,81638621412
PAK,,,,,,,,,,,,,,,,,,,,,47040253131,55524189229,62758204113,69662879486,75940296530,84201029962,90819769926,99512423795,110830000000,120706000000,130870000000,142166000000,156347000000,162583000000,172093000000,184836000000,197226000000,203067000000,211171000000,222110000000,236583000000,246743000000,258835000000,277096000000,305878000000,340262000000,372937000000,405558000000,421142000000,442026000000,460937000000,485136000000
PLW,,,,,,,,,,,,,,,,,,,,,,,,,,,,,,,,168342407,160887405,144191672,157867757,179148382,201281956,209880933,217086033,208374619,213521928,221201387,216925670,218615710,235775287,256999359,273248814,279764749,268508288,259528988,262146178,283530870
PAN,,,,,,,,,,,,,,,,,,,,,6115521979,7304505414,8164034422,8105784727,8638085922,9341841510,9891471911,9997100166,8961059316,9443653765,10595659875,11987660152,13244058511,14272822511,14978500011,15595446514,16317684040,17706859370,19273825492,20322502489,21325998059,21934724590,22787758436,24246363710,26803141468,29684275264,33254951222,38363886871,43179511967,45434935909,49236883382,55669921237
PNG,,,,,,,,,,,,,,,,,,,,,2958314420,3226685840,3435363053,3686357040,3811237868,4084744166,4372063560,4624838722,4925125690,5037979378,5071540925,5744518979,6677837928,8066409859,8719717994,8627022032,9458784903,9264701109,9040753274,9343533170,9307551614,9507017689,9646048593,10062387481,10626798411,11374365124,12044754000,13286308878,14489982998,15488171149,16845372464,18770604915
PRY,,,,,,,,,,,,,,,,,,,,,6310074923,7490604939,7651637138,7713685537,8249681212,8839656919,9037309092,9705162740,10681349111,11726127273,12547002677,13293777163,14038402620,14907372581,15777810086,17025133576,17396351834,18262239387,18626090794,18619164362,18385632879,19190588163,18693690661,19486625310,20745251382,23006126111,24591859114,27622602742,29410437823,28749792646,33076800785,36130534356
PER,,,,,,,,,,,,,,,,,,,,,50208847674,58857789697,62069202783,56910492783,62118368106,65807868501,74007244762,82269654562,77727875672,71217365792,70116541490,74069616277,75305490880,80623449533,92812681896,103148000000,107618000000,117222000000,118087000000,120913000000,127174000000,130337000000,139103000000,147760000000,159475000000,176017000000,195759000000,219373000000,246206000000,251530000000,275560000000,300876000000
PHL,,,,,,,,,,,,,,,,,,,,,63524073980,71856187431,78993394077,83657398429,80442410348,76841974869,81244368544,87230367415,96363437588,106196000000,113571000000,116751000000,119613000000,124822000000,132952000000,142410000000,153404000000,164469000000,165818000000,173435000000,185003000000,194673000000,205047000000,219772000000,241085000000,260987000000,283532000000,311056000000,331137000000,339349000000,367829000000,390724000000
POL,,,,,,,,,,,,,,,,,,,,,,,,,,,,,,,227402000000,218943000000,229780000000,243602000000,261861000000,285876000000,310800000000,339335000000,362318000000,382559000000,404310000000,418943000000,442062000000,457976000000,496713000000,526079000000,574156000000,638431000000,687005000000,717051000000,764926000000,812495000000
PRT,,,,,,,,,,,,,,,,,,,,,52726598614,58601456208,63499518225,65896986281,67086500057,71076224432,75674513100,82864065187,92147770462,101797000000,109910000000,118777000000,122923000000,123054000000,126840000000,135017000000,141024000000,150373000000,159225000000,170318000000,181963000000,190566000000,198514000000,203216000000,208500000000,225430000000,242774000000,256595000000,264912000000,264621000000,271457000000,269882000000
PRI,,,,,,,,,,,,,,,,,,,,,,,,,,,,,,,,,,,,,,,,,,,,,,,,,,,,
QAT,,,,,,,,,,,,,,,,,,,,,,,,,,,,,,,,,,,,,,,,,33987159891,35914320170,39101062926,41318117150,51333873436,57068650913,69866874602,84833023970,102056000000,115808000000,135986000000,165151000000
ROU,,,,,,,,,,,,,,,,,,,,,,81599576977,90034577620,99305271108,109114000000,112335000000,117604000000,122019000000,125638000000,122806000000,120326000000,108365000000,100866000000,104635000000,111005000000,121720000000,129471000000,124049000000,120136000000,120012000000,127067000000,142061000000,152909000000,167001000000,189326000000,202527000000,240021000000,272900000000,315601000000,308342000000,311408000000,323822000000
RUS,,,,,,,,,,,,,,,,,,,,,,,,,,,,,,1180370000000,1188380000000,1166750000000,1018220000000,950340000000,847802000000,831580000000,816900000000,842877000000,806843000000,870670000000,999656000000,1074380000000,1166680000000,1338190000000,1474540000000,1696730000000,2130270000000,2379120000000,2878200000000,2676420000000,2829930000000,3015430000000
RWA,,,,,,,,,,,,,,,,,,,,,1992005061,2297141494,2481233459,2733635286,2716021191,2922198794,3151020518,3242563676,3506438835,3637106149,3684471942,3713893614,4014821264,3770154839,1913915167,2648284391,3038697521,3526241709,3892546573,4249047474,4702099039,5225564092,6027887211,6244190650,6865682412,7733818367,8666041019,9597961722,10905147315,11738586176,12674855617,14029893069
WSM,,,,,,,,,,,,,,,,,,,,,,,213928049,223348614,234720648,251369736,271136537,280428871,286008937,307777873,305326253,308441190,314308095,334368095,332502875,362546802,395806349,406678077,422266417,438233619,479169510,524783663,556814904,595628697,641719767,690507147,726949716,761489245,811796537,780536488,789193767,822914986
SMR,,,,,,,,,,,,,,,,,,,,,,,,,,,,,,,,,,,,,,,,,,,,,,,,,,,,
STP,,,,,,,,,,,,,,,,,,,,,,,,,,,,,,,,,,,,,,,,,,169568553,175750901,191539934,205881507,216187519,251375630,263825525,294130064,309990298,326263534,350021743
SAU,,,,,,,,,,,,,,,,,,,,,158657000000,181666000000,171345000000,163487000000,164388000000,162083000000,174142000000,172104000000,192744000000,200125000000,225014000000,253842000000,271185000000,277203000000,284729000000,291939000000,307162000000,321200000000,334945000000,337313000000,361375000000,371591000000,378109000000,415643000000,449835000000,490578000000,522395000000,548383000000,584212000000,592474000000,624355000000,681507000000
SEN,,,,,,,,,,,,,,,,,,,,,3963000527,4554161523,5210584997,5128176963,5520079470,5875445812,6193831767,6763841849,6957917017,7507036149,7739102453,8206624759,8483610734,8782376701,8959635387,9659804127,10028662008,10541329799,11319953283,12214962844,12878471435,13773765380,14089091024,15344154661,16706386303,18232202207,19296147036,20819827151,22068485780,22826540435,23938013746,25115480007
SRB,,,,,,,,,,,,,,,,,,,,,,,,,,,,,,,,,,,,,,43781563590,44707404310,40282296443,43351253127,46683772706,49397751311,51787288976,58194878155,63373351198,69899837086,74595808460,84755212677,80969188741,83276627392,86283014635
SYC,,,,,,,,,,,,,,,,,,,,,347985982,349333455,366475283,374459588,406049956,465006249,474563127,509980141,556220267,641793642,712733887,757298243,828625434,899264845,910245475,923731678,986317527,1125584742,1237313673,1278958541,1362205311,1361448501,1400337068,1345658569,1344055128,1492408495,1683927813,1899090447,1921800304,1957271055,2103373829,2256692600
SLE,,,,,,,,,,,,,,,,,,,,,1225782125,1379297141,1533307784,1560440443,1685313959,1644536276,1702089383,1878648324,1806429587,1888114274,2025373213,2143416426,1772517852,1836375298,1837225984,1729608275,1848246674,1568515959,1577231383,1470380758,1559388640,1884504985,2441028429,2723947901,3010960195,3334211242,3692364470,4044168967,4362355746,4561215378,4820738112,5223848305
SGP,,,,,,,,,,,,,,,,,,,,,17422192298,21098763016,23992848707,27078828047,30575298868,31304253817,32416198311,36960218948,42482585269,48590574492,55530488716,61141557028,66818840352,76122444402,85886214469,94280855864,103268000000,114214000000,113305000000,122090000000,136011000000,137489000000,145593000000,155469000000,174479000000,193557000000,217311000000,243417000000,253032000000,253851000000,293385000000,314586000000
SXM,,,,,,,,,,,,,,,,,,,,,,,,,,,,,,,,,,,,,,,,,,,,,,,,,,,,
SVK,,,,,,,,,,,,,,,,,,,,,,,,,30423150602,32449080732,34556909871,36444372437,38445721914,40374992002,40786936890,36026809981,34313110199,37986899822,41188117618,44499496554,48506949413,52409528061,55631069619,56152417899,59309144503,64946876805,69738951932,73182918444,78871460768,87133808137,98970505796,112600000000,125489000000,122169000000,125699000000,130073000000
SVN,,,,,,,,,,,,,,,,,,,,,,,,,,,,,,,22997122020,21692889687,20994516947,22065611122,23727318140,25868222861,27482493883,29451385998,31086934452,33142664433,34916685781,36740451503,39418870086,40971070489,44473935011,46962272775,51020218489,54919894769,58768329851,54488803088,54305945211,55309752671
SLB,,,,,,,,,,,,,,,,,,,,,,,,,,,,,,,523040155,573286439,659646758,700914419,780938065,864821431,894262797,898379455,927251359,936307053,820088264,771765778,762338003,828992205,894047545,973800161,1075043526,1224574732,1343025095,1344376387,1448643016,1614206262
SOM,,,,,,,,,,,,,,,,,,,,,,,,,,,,,,,,,,,,,,,,,,,,,,,,,,,,
ZAF,,,,,,,,,,,,,,,,,,,,,115371000000,132948000000,140507000000,143368000000,156337000000,159160000000,162748000000,171035000000,184425000000,195951000000,202736000000,207491000000,207334000000,214493000000,225939000000,238398000000,253068000000,264774000000,269883000000,280298000000,298260000000,313365000000,330135000000,347030000000,373036000000,405757000000,442318000000,480391000000,508782000000,507555000000,525910000000,554418000000
SSD,,,,,,,,,,,,,,,,,,,,,,,,,,,,,,,,,,,,,,,,,,,,,,,,,,,,
ESP,,,,,,,,,,,,,,,,,,,,,255620000000,279207000000,299911000000,317293000000,335085000000,353334000000,372987000000,405220000000,440579000000,479337000000,516698000000,548632000000,566881000000,573349000000,599292000000,628595000000,659215000000,699729000000,750106000000,791533000000,858076000000,919741000000,994354000000,1040220000000,1108120000000,1188760000000,1338170000000,1445660000000,1510550000000,1469150000000,1454680000000,1481580000000
LKA,,,,,,,,,,,,,,,,,,,,,10935003871,12641526771,13967195794,15218646172,16595379947,17957202377,19158343361,20059954353,21271809611,22580080482,24936380660,26969863547,28749606992,31407122953,33841188882,36533053969,38592793143,41856456726,44438686295,47029428828,50929838556,51279567084,54178360774,58605746426,63534244477,69740390818,77510028613,85178736170,92242580226,96764270538,105259000000,116484000000
KNA,,,,,,,,,,,,,,,,,,,,,115000391,127175409,132797987,136706323,156547651,171653855,196003350,219312154,247529300,276413046,293408399,304572281,321278879,350181261,375549341,398381279,431964783,470100583,482156507,514718092,565305481,608395037,630099747,634051778,680286765,772194155,834351122,882229872,944039294,890502485,875185881,913851750
LCA,,,,,,,,,,,,,,,,,,,,,243848654,276064895,261190039,283063569,362718932,352087171,413511748,433863423,503601967,569922974,730814689,775886274,847857079,888738670,919721394,972060753,1042864558,1067259268,1151009770,1195432586,1269673676,1236179384,1257649398,1341273207,1494769999,1515144900,1709343955,1785204028,1921826110,1949702381,1971377256,2041039921
MAF,,,,,,,,,,,,,,,,,,,,,,,,,,,,,,,,,,,,,,,,,,,,,,,,,,,,
VCT,,,,,,,,,,,,,,,,,,,,,155159033,180102823,200242073,217320181,238768368,261110776,284735651,306382576,363371381,386449989,421344714,438346571,481253606,492578916,487513358,503852447,519646254,599975357,639890224,677873192,688639394,715866510,773034513,849187588,909390249,962710491,1070006010,1138378916,1179732527,1169220037,1144678314,1171868852
SDN,,,,,,,,,,,,,,,,,,,,,9556395204,11229432772,12623510212,13393495716,13200451321,12749140220,13739854548,16153600476,16660782142,18832017525,18477047005,20539920155,22352104532,23885749111,24617308138,26700686101,28781914882,32436702116,34309557877,35893255531,39742525010,43149378235,46200676033,50544371544,54622761538,60007441971,68936199653,78143551981,85335786587,91630646081,96953151567,103786000000
SUR,,,,,,,,,,,,,,,,,,,,,1150425283,1259834209,1312025399,1322736600,1319759795,1337517431,1321989619,1177824177,1321726514,1514800675,1564500973,1662661423,1694279529,1605795311,1691716254,1750135868,1803759611,1943994440,2001860063,2013579987,2055861601,2198128773,2341683106,2534543073,2832579250,3059931570,3280070500,3547684466,3776381640,3931560826,4140115371,
SWZ,,,,,,,,,,,,,,,,,,,,,662107123,830189924,891099243,937484882,1032629023,1104522625,1267712291,1495450267,1649197086,1932224661,2427023020,2553678651,2691589847,2836036627,2963249793,3178511160,3359076457,3530066502,3672874291,3836700561,3988710129,4126369404,4267901731,4455422775,4713830160,4990265969,5321374268,5667494454,5929393362,6079998752,6245401818,6467567700
SWE,,,,,,,,,,,,,,,,,,,,,87705157768,95731166439,102776000000,108775000000,117680000000,123930000000,130326000000,138785000000,147409000000,157243000000,164974000000,168905000000,170836000000,170993000000,181575000000,192642000000,200207000000,207588000000,216048000000,230098000000,247995000000,251192000000,261304000000,272609000000,292247000000,295294000000,323789000000,351810000000,365236000000,346435000000,368098000000,391992000000
CHE,,,,,,,,,,,,,,,,,,,,,90050385487,100067000000,104774000000,109615000000,117153000000,125166000000,130343000000,136292000000,145623000000,157684000000,169799000000,174207000000,178266000000,181950000000,188114000000,192941000000,198673000000,208306000000,215158000000,219487000000,233556000000,240948000000,252262000000,253681000000,265310000000,274902000000,305957000000,337799000000,366673000000,363008000000,381227000000,405329000000
SYR,,,,,,,,,,,,,,,,,,,,,14065719558,16846676031,18252401508,19245557487,19155302136,20947429779,20356645989,21352771478,25027719065,23643427997,26415178792,29470924474,34145128870,36700863086,40313982213,43623855442,46349752979,48093647695,51859928923,50750401480,53270632334,57311714776,61678691359,63355803122,69631464657,76403164436,82811312216,90069194445,96203679070,103318000000,107378000000,
TJK,,,,,,,,,,,,,,,,,,,,,,,,,,8932426514,9451778343,9611964433,11329277808,10991633551,11340048993,10892919409,7896875729,6746524757,5417618130,4856242918,4116880718,4267580801,4556893107,4794787864,5305112257,5978773450,6628765195,7458774877,8481331747,9681676797,8428669904,10556235467,13082005320,13771132993,14769847246,16216287591
TZA,,,,,,,,,,,,,,,,,,,,,,,,,,,,,12841511617,13826527242,15361941122,16213109514,16651343275,17221588864,17847698073,18914885822,20124599225,21235679508,22332599682,23756894928,25468419824,27607996345,30066147444,32813518214,36377007837,40354382417,44462747718,49022152768,53832510626,57825611578,62335510978,67834001265
THA,,,,,,,,,,,,,,,,,,,,,50342473523,58313116362,65177291359,71538996184,78495568340,84652069426,91334109728,102959000000,120702000000,140514000000,162129000000,181986000000,200840000000,222178000000,247076000000,276178000000,297655000000,299233000000,271545000000,287782000000,307974000000,321782000000,344396000000,376759000000,411925000000,445195000000,482962000000,522032000000,546831000000,541122000000,587507000000,601061000000
TLS,,,,,,,,,,,,,,,,,,,,,,,,,,,,,,,,,,,,,,,,744604138,864623261,774326147,805940505,823787918,882150683,968145622,967928868,1111769572,1302654941,1488292736,1640735691,1855089662
TGO,,,,,,,,,,,,,,,,,,,,,1520879319,1608276019,1645139484,1617622368,1771618429,1927151879,2001500419,2070653074,2285090874,2467378589,2554715958,2623044492,2571679937,2231333510,2617878282,2888954644,3199904519,3730522558,3695927984,3843189852,3895583887,3919090125,3946004788,4228745198,4439762855,4641277061,4985155041,5247173204,5490811488,5749906758,6024365552,6458295925
TON,,,,,,,,,,,,,,,,,,,,,,126053540,140074366,148501740,156757519,172139668,179717252,190505788,193429981,201494051,204860943,225411168,230739035,244611929,261953414,277997230,282948709,288023809,300010933,316226286,333955484,353827596,371856758,387877998,402726691,426010229,432681558,426804115,441592907,460293512,476015129,510679431
TTO,,,,,,,,,,,,,,,,,,,,,7881387636,9014617785,9949846536,9391469877,9183643902,9074247767,8972924943,8814313906,8763866547,9018651417,9501852750,10088242217,10131058288,10203155816,10781733534,11468883580,12132619977,12700956599,13880006750,14701596878,15941001838,16969925326,18627484403,21765107711,24144804320,26384324019,30830560456,33247142672,34899875891,34192445247,34433953101,33757994924
TUN,,,,,,,,,,,,,,,,,,,,,12334840434,14234803941,15027534623,16353360057,17942980212,19535425963,19683236652,21617635753,22386583035,23635050984,26481633455,28450700364,31317527412,32704964106,34431508576,36061093515,39322222884,42261008760,44982560460,48388662337,51561250326,55287571467,57140725506,61536178602,67036272421,72031944852,78559954184,85897512396,91766100921,95853728273,99426684545,99812652801
TUR,,,,,,,,,,,,,,,,,,,,,95068803379,109036000000,119803000000,130726000000,144742000000,155490000000,170117000000,191712000000,202542000000,210742000000,239150000000,249920000000,271166000000,299405000000,288991000000,316201000000,346296000000,379654000000,535201000000,517741000000,589323000000,561124000000,572094000000,588082000000,688334000000,781243000000,893986000000,975645000000,1067940000000,1038570000000,1151650000000,1259980000000
TKM,,,,,,,,,,,,,,,,,,,,,,,,,,,,10099813839,11603663011,11528111474,16199201297,15978340145,13873211423,14390026188,12142870594,11530736733,12521153096,11307603213,12280576368,14516652283,15641856473,16691334235,17006005993,17931839688,19357856046,22608518229,25897350739,29594675938,34695737115,37296777181,41015750991,48093373151
TCA,,,,,,,,,,,,,,,,,,,,,,,,,,,,,,,,,,,,,,,,,,,,,,,,,,,,
TUV,,,,,,,,,,,,,,,,,,,,,,,,,,,,,,,,,,,,,,,,,,,,,,,,,,,,
UGA,,,,,,,,,,,,,,,,,,,,,,,4231487292,4651560347,4809623868,4792626728,4918901911,5263614374,5897212934,6508508379,7192699480,7850198701,8289549848,9176633021,9963074346,11369638882,12620695354,13520057016,14382504803,15768739128,16616090795,17873642153,19750084677,21471519375,23577886211,25903142658,29622481600,33045484673,36717758926,39897248944,42549614934,46412098613
UKR,,,,,,,,,,,,,,,,,,,,,,,,,,,,271725000000,288404000000,310852000000,302168000000,286159000000,263848000000,231274000000,181862000000,163390000000,149655000000,147964000000,147191000000,149051000000,161260000000,180089000000,192530000000,215064000000,247865000000,263007000000,291310000000,323436000000,338192000000,291933000000,306343000000,329454000000
ARE,,,,,,,,,,,,,,,,,,,,,59807154093,68460176929,67750978567,67088364635,72404119772,71933280553,62541221823,66550741167,67064684402,78175119984,96011296158,100128000000,105657000000,109335000000,119254000000,130190000000,140178000000,154583000000,157212000000,164147000000,185898000000,192773000000,200670000000,222929000000,251123000000,272055000000,308651000000,327805000000,346092000000,345005000000,352418000000,377924000000
GBR,,,,,,,,,,,,,,,,,,,,,471172000000,508510000000,550785000000,593323000000,632049000000,674796000000,717565000000,772302000000,839194000000,890846000000,932503000000,952109000000,976149000000,1019750000000,1085640000000,1141880000000,1217410000000,1314890000000,1367850000000,1424160000000,1533510000000,1627360000000,1702600000000,1773590000000,1897000000000,1984850000000,2124840000000,2188010000000,2213950000000,2125440000000,2197780000000,2233590000000
USA,,,,,,,,,,,,,,,,,,,,,2767500000000,3103800000000,3227700000000,3506900000000,3900400000000,4184800000000,4425000000000,4698900000000,5061900000000,5439700000000,5750800000000,5930700000000,6261800000000,6582900000000,6993300000000,7338400000000,7751100000000,8256500000000,8741000000000,9301000000000,9898800000000,10233900000000,10590200000000,11089300000000,11797800000000,12564300000000,13314500000000,13961800000000,14219300000000,13898300000000,14419400000000,14991300000000
URY,,,,,,,,,,,,,,,,,,,,,10866589809,12070399645,11556246958,10779057356,11056097055,11560838872,12860596723,14295487162,15012387899,15749475465,16395393750,17552486985,19343715345,20293142672,22214014343,22401761244,24070122525,26631239194,28225710445,28084200174,28138132626,27669861989,25945010673,26704867041,28829582373,32008625141,34395437344,37707810152,41307466021,42863103756,47005379219,50791965187
UZB,,,,,,,,,,,,,,,,,,,,,,,,,,,,23279486564,26291662741,28124735532,29658450708,30515472846,27668507570,27624780445,26721492491,27097066226,28045688455,30072834274,31806610226,33660727265,35695837712,38038310245,40202248462,42773159523,47361828338,52359264378,57993895183,65344347137,72800377789,79733188280,87121549742,96455101316
VUT,,,,,,,,,,,,,,,,,,,,,152711698,174038827,204399609,241877904,275019425,286207206,292220118,292077345,297075525,312985482,362884888,386996289,405390000,417387859,464455873,480069709,499946580,534621495,565451743,575663753,622948250,614846803,597351317,632717617,679686699,739098148,819095909,897683647,974175557,1021064031,1043294838,1093206176
VEN,,,,,,,,,,,,,,,,,,,,,83235369329,90706193943,94239738115,94279124477,99230687504,102459000000,111569000000,118951000000,130259000000,123580000000,136563000000,154942000000,167794000000,171945000000,171324000000,182237000000,185097000000,200685000000,204103000000,194731000000,206280000000,218116000000,202029000000,190287000000,231412000000,263762000000,299150000000,334769000000,360231000000,353285000000,350484000000,373258000000
VNM,,,,,,,,,,,,,,,,,,,,,,,,,,29122631079,30604282918,32629794934,35499975949,39549156074,43142969709,47268202821,52436740293,57912237973,64314419506,72089315417,80218201364,88430143300,94841580776,100826000000,109999000000,120249000000,130854000000,143419000000,158937000000,178075000000,198946000000,222025000000,241256000000,257444000000,276849000000,299675000000
VIR,,,,,,,,,,,,,,,,,,,,,,,,,,,,,,,,,,,,,,,,,,,,,,,,,,,,
PSE,,,,,,,,,,,,,,,,,,,,,,,,,,,,,,,,,,,5395389294,5852645468,6129001268,7037483085,7996774951,8825688693,8515827207,7420885241,6780926807,7347055131,8024908351,8811978772,,,,,,
YEM,,,,,,,,,,,,,,,,,,,,,,,,,,,,,,,15640193690,17189468776,18992095133,20185195722,21980635895,23767159609,25309117701,27146489824,29181370960,30727162226,33332642111,35384923876,37374624764,39591989392,42322182541,46172068885,49172638216,52287392534,55392995421,58292113215,63225332055,57860736454
ZMB,,,,,,,,,,,,,,,,,,,,,4224809544,4905781092,5058283263,5154949429,5330537920,5582064592,5748189672,6074916075,6681304056,6861857969,7087836955,7326058980,7350890545,8022665055,7479929253,7438005397,8095478684,8523744141,8482832744,8798674286,9305194815,9981917247,10480534521,11250013643,12191299585,13268758899,14549458694,15898509144,17173347230,18513508846,20064997439,21838141189
ZWE,,,,,,,,,,,,,,,,,,,,,,,,,,,,,,,,,,,,,,,,,,,,,,,,,,,,
